aaa,1111,홍길동,Seller,52983 Sloan Way,10000000
bbb,2222,유관순,Jepp,7649 Welch Way,8000000
ccc,3333,이순신,Huffadine,73 Debra Junction,5000000
dddd,4444,Inesita,Beton,2 Paget Street,9000000
hdenisyev4,6578,Harrie,Denisyev,82 Village Green Crossing,5000000
mritzman5,7614,Matthew,Ritzman,643 Mitchell Lane,6000000
gquene6,6434,Gladys,Quene,355 Elmside Court,7000000
gbeaby7,3886,Glenden,Beaby,8 Dawn Junction,6000000
lfeuell8,2441,Leslie,Feuell,19215 Tennyson Center,8000000
bcaldaro9,1209,Bartolomeo,Caldaro,29034 Heffernan Junction,8000000
mraimana,3367,Mercy,Raiman,53 Debs Crossing,5000000
mcroallb,4158,Maybelle,Croall,17 Quincy Plaza,9000000
callsepc,3639,Constanta,Allsep,94 Northridge Street,6000000
acroned,3390,Ashlen,Crone,5 Tony Junction,7000000
bdavise,4757,Bax,Davis,080 Maple Trail,9000000
mrodenf,3132,Marjorie,Roden,8 Hoard Alley,8000000
telflaing,7319,Terry,Elflain,1 Sloan Trail,9000000
gmaccrieh,3336,Gib,Maccrie,22957 Fuller Plaza,8000000
ljozefczaki,9792,Laryssa,Jozefczak,3 Continental Alley,8000000
wgoodliffj,3116,Wendeline,Goodliff,81 Steensland Point,5000000
